"site","score","score_scaled","obergrenze","untergrenze"
331,14.39548135,0.029568068629055,22556,22554
332,9.2827903,0.0190492920606251,22559,22557
333,18.5627958,0.0381418410634248,22562,22560
334,95.37448974,0.196173108451952,22565,22563
335,18.6707867,0.0383640199780932,22568,22566
336,16.106438,0.0330881660774661,22571,22569
337,62.6195672,0.128783604892083,22574,22572
338,1.497535,0.0030320204852412,22577,22575
339,38.7621525,0.0796997051853568,22580,22578
340,87.3410036,0.179645130339088,22583,22581
341,1.634754,0.00331433286982063,22586,22584
342,1.78775033,0.00362910530479101,22589,22587
344,27.9722679,0.0575007527752473,22595,22593
345,48.000395,0.0987063315964076,22598,22596
346,360.38232829,0.741396399929733,22601,22599
347,241.9589245,0.497753802957252,22604,22602
348,184.3567023,0.379243824700918,22607,22605
349,25.6648106,0.0527534235228974,22610,22608
350,0.241513,0.000447899001305173,22613,22611
351,8.2233661,0.0168696480449775,22616,22614
352,198.0558523,0.40742825763813,22619,22617
353,1.462062,0.00295903884845485,22622,22620
354,120.2139952,0.247277547474145,22625,22623
355,1.04769,0.00210651589301176,22628,22626
356,381.4285005,0.78469649002567,22631,22629
357,464.7897228,0.956202662268352,22634,22632
358,8.432221,0.0172993430934044,22637,22635
359,84.3404183,0.173471769571432,22640,22638
360,77.5983971,0.159600832734281,22643,22641
361,195.534556,0.402240979122149,22646,22644
362,63.350484,0.130287382537578,22649,22647
363,78.7053382,0.161878237332259,22652,22650
364,6.8334536,0.0140100621841875,22655,22653
365,235.7972699,0.485076903963084,22658,22656
366,69.72226045,0.143396583184766,22661,22659
367,6.42818406,0.0131762664982051,22664,22662
368,5.540813,0.0113506021226058,22667,22665
369,114.021469,0.234537133696952,22670,22668
370,39.7607478,0.0817542007025432,22673,22671
371,63.93060032,0.131480905458111,22676,22674
372,38.2481236,0.0786421495662243,22679,22677
373,58.1959643,0.119682548310039,22682,22680
374,180.68563935,0.371691032920219,22685,22683
375,39.6504046,0.0815271821999006,22688,22686
376,102.85036356,0.211553863048175,22691,22689
377,71.944294,0.147968162850235,22694,22692
378,301.3838837,0.620013853936249,22697,22695
379,7.298169,0.0149661609221522,22700,22698
380,4.185495,0.00856219048541691,22703,22701
381,93.780276598,0.192893197407229,22706,22704
382,18.47140746,0.0379538200154056,22709,22707
383,486.0775841,1,22712,22710
384,264.5231111,0.544177033888399,22715,22713
385,332.42986,0.683887396236144,22718,22716
386,360.9142902,0.742490850664089,22721,22719
387,4.977925,0.0101925244982888,22724,22722
388,59.30841111,0.121971280276085,22727,22725
389,27.9289997,0.0574117334068037,22730,22728
390,172.5650707,0.354983892511658,22733,22731
391,231.6671843,0.476579725625877,22736,22734
392,85.46462,0.175784685878031,22739,22737
393,134.2745306,0.276205489502854,22742,22740
394,211.05671765154,0.434176049846128,22745,22743
395,12.9112297,0.0265143907664598,22748,22746
396,293.72273262,0.604251912586887,22751,22749
397,17.1874641,0.0353122535295216,22754,22752
399,5.182413,0.0106132351498595,22760,22758
401,1.05667,0.00212499121504095,22766,22764
402,7.035753,0.0144262700417945,22769,22767
403,129.1893089,0.26574322797754,22772,22770
404,53.2466421,0.109499884449102,22775,22773
405,142.47516612,0.293077358330916,22778,22776
406,31.7875065,0.0653501694515492,22781,22779
407,22.428744,0.0460955869368282,22784,22782
408,120.19456,0.247237561774958,22787,22785
409,5.91174,0.0121137419638442,22790,22788
410,0.780891,0.00155760749189089,22793,22791
411,10.368459,0.0212829311307265,22796,22794
413,106.672881,0.219418255104544,22802,22800
414,15.18481286,0.0311920278534465,22805,22803
415,35.9263999,0.0738654688289972,22808,22806
417,151.0698779,0.310759993952694,22814,22812
418,0.9448465,0.00189492716460321,22817,22815
419,1.802457,0.00365936259479401,22820,22818
420,109.4479415,0.225127624412782,22823,22821
421,40.5171897,0.083310493319344,22826,22824
424,7.565323,0.015515799695135,22835,22833
425,0.5927881,0.00117060730791268,22838,22836
426,0.72843,0.00144967498977805,22841,22839
427,57.5776981,0.118410536378551,22844,22842
428,110.306653,0.226894325024438,22847,22845
429,0.34451,0.00065980353839207,22850,22848
430,33.13334907,0.0681190864761974,22853,22851
432,0.670707,0.00133091652502406,22859,22857
433,0.13683699,0.000232540093345198,22862,22860
434,4.2877992,0.00877266966581096,22865,22863
435,53.383835,0.109782143135919,22868,22866
436,6.404964,0.0131284938828335,22871,22869
437,4.426525,0.00905808211890191,22874,22872
438,0.79717495,0.00159110985493734,22877,22875
439,202.25880111,0.416075343689014,22880,22878
440,229.33512616,0.471781782961368,22883,22881
441,111.3314329,0.229002692358685,22886,22884
443,19.279312,0.0396159911229048,22892,22890
444,314.2811008,0.646548401731667,22895,22893
445,192.3523,0.3956938516857,22898,22896
446,173.1333692,0.356153101620367,22901,22899
447,319.8363092,0.657977607091273,22904,22902
448,161.5943025,0.332412792800903,22907,22905
449,209.806124,0.431603096567747,22910,22908
450,186.041547,0.382710199801327,22913,22911
451,10.405407,0.0213589474111646,22916,22914
452,254.42956151,0.523410711049553,22919,22917
453,92.7115634,0.190694442341539,22922,22920
454,8.00856,0.0164277090838044,22925,22923
455,217.6745985,0.447791582120749,22928,22926
456,344.5945141,0.708914779518014,22931,22929
457,5.900835,0.0120913061746762,22934,22932
458,37.4640823,0.0770290743433197,22937,22935
459,47.59536305,0.0978730247246526,22940,22938
460,104.2873186,0.214510233549897,22943,22941
461,1.300957,0.00262758375318621,22946,22944
462,304.5873933,0.626604708221728,22949,22947
463,79.083945,0.162657177482865,22952,22950
464,160.8224824,0.330824861297996,22955,22953
465,57.293008,0.117824819087234,22958,22956
466,115.548525,0.237678876609715,22961,22959
468,468.7839509,0.964420329351373,22967,22965
469,116.3690573,0.239367027887872,22970,22968
470,94.0237841,0.193394186217471,22973,22971
471,61.20698075,0.125877369974731,22976,22974
472,208.1630509,0.428222661752602,22979,22977
473,150.861057,0.310330368855375,22982,22980
474,26.81224808,0.0551141447869687,22985,22983
475,230.3296534,0.473827908910789,22988,22986
476,72.197802,0.148489726540321,22991,22989
477,31.0364962,0.0638050517299748,22994,22992
478,39.64895256,0.0815241947938204,22997,22995
479,64.26672445,0.132172442378326,23000,22998
480,0.4715,0.000921070926419538,23003,23001
481,69.022626,0.1419571653934,23006,23004
482,63.6720897,0.130949049450041,23009,23007
483,86.6871948,0.178299993576781,23012,23010
484,336.1346565,0.691509590934375,23015,23013
485,132.616894597,0.272795093181851,23018,23016
486,218.6816781,0.449863533113959,23021,23019
487,231.5415342,0.476321214928717,23024,23022
488,1.87095,0.00380027910166987,23027,23025
489,271.7953398,0.559138811962164,23030,23028
490,345.60439886,0.710992501806808,23033,23031
491,0.02381,0,23036,23034
492,3.143628393,0.00641866920749006,23039,23037
493,107.8860194,0.22191414849051,23042,23040
494,111.5917555,0.229538276308181,23045,23043
495,1.26895,0.00256173301463518,23048,23046
496,76.780561,0.157918228578981,23051,23049
498,180.3608831,0.371022884111785,23057,23055
499,125.338009534,0.25781962040319,23060,23058
500,79.9084625,0.164353527853823,23063,23061
501,105.690247,0.217396598134963,23066,23064
502,5.576503,0.0114240302120514,23069,23067
503,74.09458,0.152392130144762,23072,23070
504,161.151998,0.331502801924237,23075,23073
505,207.92444,0.427731747140445,23078,23076
506,16.3156115,0.0335185166089218,23081,23079
507,7.464709,0.0153087979077581,23084,23082
508,59.28476,0.121922620824682,23087,23085
510,2.3906149,0.00486943014563046,23093,23091
513,0.3927917,0.000759137609173437,23102,23100
514,299.6635303,0.616474423750391,23105,23103
515,0.215082,0.000393520244450664,23108,23106
516,170.3621088,0.350451550582868,23111,23109
517,49.001821471,0.100766651923833,23114,23112
518,116.054215149,0.238719276203229,23117,23115
519,91.5047293568,0.188211519448008,23120,23118
520,49.0323209,0.100829401007628,23123,23121
521,33.3378282,0.0685397788787584,23126,23124
522,55.93062742,0.115021877000173,23129,23127
523,43.3874814,0.0892157899201466,23132,23130
524,61.053032,0.125560638044637,23135,23133
525,105.2093410949,0.216407189286137,23138,23136
526,103.6295459,0.213156941517101,23141,23139
527,6.5260324,0.0133775782567265,23144,23142
528,18.15445216,0.0373017207685951,23147,23145
529,16.281004518,0.0334473167050345,23150,23148
530,10.64392675,0.0218496744926314,23153,23151
531,5.1153253,0.0104752098868642,23156,23154
